CSI#,MONTH CODE,SYMBOL,EXCHANGE,NAME,POINT VALUE,CONTRACT SIZE,UNIT OF MEASURE,CURRENCY,,,START DATE,,,,,FOOTNOTE,
2,54,LC,CME,Cattle-Live(Floor+Electronic Combined),4 USD,40000 lb,0.01 USD / lb,USD,,,19660209,,,,,FN2,
3,54,CC,CSCE,Cocoa,10 USD,10 tonnes,USD / tonne,USD,,,19651230,,,,,FN3,
4,54,LH,CME,Hogs-Lean(Floor+Electronic Combined),4 USD,40000 lb,0.01 USD / lb,USD,,,19660301,,,,,FN4,
5,54,PB,CME,Pork Bellies (Floor+Electronic Combined),4 USD,40000 lb,0.01 USD / lb,USD,,,19660516,,,,,,,
7,54,CT,NYCE,Cotton #2,5 USD,50000 lb,0.01 USD / lb,USD,,,19730402,,,,,,,
8,54,HG,COMEX,CopperHG (Floor Trading Only),2.50 USD,25000 lb,0.01 USD / lb,USD,,,19740605,,,,,FN8,
9,54,C,CBT,Corn (Floor Trading Only),6.25 USD,5000 bu,0.01 USD / bu,USD,,,19590701,,,,,,,
10,61,KC,CSCE,Coffee,3.75 USD,37500 lb,0.01 USD / lb,USD,,,19730402,,,,,,,
11,54,O,CBT,Oats (Floor Trading Only),6.25 USD,5000 bu,0.01 USD / bu,USD,,,19700105,,,,,,,
12,54,OJ,NYCE,Orange Juice,1.50 USD,15000 lb,0.01 USD / lb,USD,,,19760109,,,,,,,
13,54,PL,NYMEX,Platinum  (Floor Trading Only),5 USD,50 toz,USD / toz,USD,,,19770826,,,,,,,
16,54,SI,COMEX,Silver (Floor Trading Only),5 USD,5000 toz,0.01 USD / toz,USD,,,19671206,,,,,,,
17,54,S,CBT,Soybeans (Floor Trading Only),6.25 USD,5000 bu,0.01 USD / bu,USD,,,19590701,,,,,,,
18,54,SM,CBT,Soybean Meal (Floor Trading Only),10 USD,100 short tons,USD / short ton,USD,,,19590701,,,,,FN18,
19,54,BO,CBT,Soybean Oil (Floor Trading Only),6 USD,60000 lb,0.01 USD / lb,USD,,,19660523,,,,,FN19,
20,54,SB,CSCE,Sugar #11World  (Floor Trading Only),11.20 USD,112000 lb,0.01 USD / lb,USD,,,19651230,,,,,FN20,
21,54,W,CBT,Wheat (Floor Trading Only),6.25 USD,5000 bu,0.01 USD / bu,USD,,,19660516,,,,,FN21,
22,54,KW,KCBT,Wheat-Kansas City,6.25 USD,5000 bu,0.01 USD / bu,USD,,,19730402,,,,,FN22,
23,54,MP,CME,Mexican Peso(Floor+Electronic Combined),5 USD,500000 MXN,USD,USD,,,19950425,,,,,,,
25,54,SF,CME,Swiss Franc -(Floor+Electronic Combined),12.50 USD,125000 CHF,USD,USD,,,19720523,,,,,FN25,
26,54,BP,CME,British Pound (Floor+Electronic Combined),6.25 USD,62500 GBP,USD,USD,,,19700101,,,,,FN26,
27,61,LB,CME,Lumber  (Floor+Electronic Combined),11 USD,110000 bd ft,USD / 1000 bd ft,USD,,,19770826,,,,,FN27,
30,54,GC,COMEX,Gold (Floor Trading Only),10 USD,100 toz,USD / toz,USD,,,19750102,,,,,,,
33,54,FC,CME,Cattle-Feeder (Floor+Electronic Combined),5 USD,50000 lb,0.01 USD / lb,USD,,,19770902,,,,,FN33,
41,54,TB,CME,T-Bill-U.S. 3 Mth (Floor+Electronic Combined),2.50 USD,1000000 USD,USD / basis point,USD,,,19770801,,,,,FN41,
42,54,SE,CSCE,Sugar #14(Domestic),11.20 USD,112000 lb,0.01 USD / lb,USD,,,19770502,,,,,,,
44,54,US,CBT,T-Bond-U.S.  (Floor+Electronic Combined),3.125 USD,100000 USD,points,USD,,,19871117,,,,,FN44,
49,54,LCC,EURONEXT,Cocoa (LCE),1 GBP,10 tonnes,GBP / tonne,GBP,,,19731022,,,,,,,
58,54,RS,WCE,Rapeseed(Canola),2 CAD,20 tonnes,CAD / tonne,CAD,,,19710908,,,,,,,
62,54,WW,WCE,Wheat-Feed(Domestic),0.20 CAD,20 tonnes,CAD / tonne,CAD,,,19770802,,,,,,,
64,54,CD,CME,Canadian Dollar (Floor+Electronic Combined),10 USD,100000 CAD,USD,USD,,,19720523,,,,,FN64,
65,54,JY,CME,Japanese Yen (Floor+Electronic Combined),12.50 USD,12500000 JPY,USD / 100 JPY,USD,,,19720517,,,,,FN65,
66,54,AD,CME,Australian Dollar (Floor+Electronic Combined),10 USD,100000 AUD,USD,USD,,,19861125,,,,,FN66,
68,54,MW,MGE,Wheat-Spring,6.25 USD,5000 bu,0.01 USD / bu,USD,,,19741218,,,,,,,
69,54,PA,NYMEX,Palladium  (Floor Trading Only),1 USD,100 toz,USD / toz,USD,,,19830718,,,,,FN69,
74,54,FF,CBT,Fed Fund Rate(1Mth)(Floor+Electronic Combined),4.167 USD,5000000 USD,USD / basis point,USD,,,19881003,,,,,,,
79,54,FCH,EURONEXT,CAC 40 Index  (MATIF),1 EUR,10 EUR x Index,points,EUR,,,19900301,,,,,,,
87,54,BAX,ME,Canadian Bankers' Acceptance-3Mth  (24 hr),2.5 CAD,1000000 CAD,CAD / basis point,CAD,,,20070426,,,,,,,
88,54,CGB,ME,Canadian Govt Bond 10Yr  (Floor+Electronic Combined),10 CAD,100000 CAD,percent,CAD,,,20070426,,,,,,,
89,54,HO,NYMEX,Heating Oil #2 (Floor Trading Only),4.20 USD,42000 gal,USD / gal,USD,,,19781115,,,,,FN89,
99,54,NK,CME,Nikkei 225 Index (Floor+Electronic Combined),5 USD,5 USD x Index,points,USD,,,19900925,,,,,,,
100,54,R,NYFE,Russell 1000 Index,5 USD,500 USD x Index,points,USD,,,19990305,,,,,,,
101,54,CR,NYFE,Continuous Commodity Index(CRB),5 USD,500 USD x Index,points,USD,,,19740102,,,,,,,
102,54,RL,CME,Russell 2000 Index (Floor Trading Only),5 USD,500 USD x Index,points,USD,,,19930204,,,,,,,
104,54,MD,CME,S&P MidCap 400 Index (Floor Trading Only),5 USD,500 USD x Index,points,USD,,,19920213,,,,,,,
109,54,YE,CBT,Mini Eurodollar(3Mth) (MACE),1.250 USD,500000 USD,USD / basis point,USD,,,19811209,,,,,,,
110,54,XW,CBT,Mini Wheat (MACE),1.25 USD,1000 bu,0.01 USD / bu,USD,,,19660516,,,,,,,
111,54,XC,CBT,Mini Corn (MACE),1.25 USD,1000 bu,0.01 USD / bu,USD,,,19590701,,,,,,,
112,54,XS,CBT,Mini Soybeans (MACE),1.25 USD,1000 bu,0.01 USD / bu,USD,,,19590701,,,,,,,
119,54,HSI,HKEX,Hang Seng Index (HKFE)(Combined),50 HKD,50 HKD x Index,points,HKD,,,19861231,,,,,,,
121,54,SRS,SICOM,Rubber RSS1,0.5 SGD,5 tonnes,0.01 SGD / kg,SGD,,,19810409,,,,,FN121,
127,54,SF2,CME,Swiss Franc (Floor Trading Only),12.50 USD,125000 CHF,USD,USD,,,19720523,,,,,,,
128,54,BP2,CME,British Pound  (Floor Trading Only),6.25 USD,62500 GBP,USD,USD,,,19700101,,,,,,,
129,54,CD2,CME,Canadian Dollar (Floor Trading Only),10 USD,100000 CAD,USD,USD,,,19720523,,,,,,,
131,54,FDX,EUREX,Dax Index,2.5 EUR,25 EUR x Index,points,EUR,,,19901126,,,,,,,
136,54,LCO,ICE,Crude-Brent(Combined) (IPE),10 USD,1000 bbl,USD / bbl,USD,,,19890228,,,,,,,
141,54,ED,CME,Eurodollar-3 Mth -Globex(Floor+Electronic Combined),2.5 USD,1000000 USD,USD / basis point,USD,,,19811209,,,,,,,
142,54,EM,CME,LIBOR(1Mth) (Floor+Electronic Combined),2.50 USD,3000000 USD,USD / basis point,USD,,,19900326,,,,,,,
144,54,US2,CBT,T-Bond-U.S.  (Floor Trading Only),3.125 USD,100000 USD,points,USD,,,19871117,,,,,,,
145,54,JAU,TCE,Gold-Tokyo (Day Session),1000 JPY,1 kg,JPY / gram,JPY,,,19830926,,,,,,,
148,54,LKD,EURONEXT,Coffee-Robusta (LCE),5 USD,5 tonnes,USD / tonne,USD,,,19681202,,,,,,,
149,54,SP,CME,S&P 500 Index (Floor Trading Only),2.50 USD,250 USD x Index,points,USD,,,19500103,,,,,FN149,
150,54,TY,CBT,T-Note-U.S. 10 Yr w/Prj A (Floor+Electronic Combined)X,15.625 USD,100000 USD,points,USD,,,19950810,,,,,,,
157,54,JTI,TSE,TOPIX Index (combined sessions),1000 JPY,10000 JPY x Index,points,JPY,,,19900403,,,,,,,
158,54,JGB,TSE,Japanese 10yr Govt Bond (Floor Only),10000 JPY,100000000 JPY,percent,JPY,,,19940316,,,,,,,
173,54,FSS,EURONEXT,Sterling Rate-3Mth (LIFFE),1.25 GBP,500000 GBP,GBP / basis point,GBP,,,19950816,,,,,,,
174,54,FLG,EURONEXT,Gilt-Long(8.75-13yr) (LIFFE),10 GBP,100000 GBP,percent,GBP,,,19950816,,,,,,,
180,54,FYB,EURONEXT,Japanese Govt Bond (LIFFE),10000 JPY,100000000 JPY,percent,JPY,,,20000214,,,,,,,
186,54,AB,WCE,Barley(Western),0.20 CAD,20 tonnes,CAD / tonne,CAD,,,19830228,,,,,FN186,
188,54,CL,NYMEX,Crude Oil Light (Floor Trading Only),10 USD,1000 bbl,USD / bbl,USD,,,19830330,,,,,FN188,
191,54,NG,NYMEX,Natural Gas-Henry Hub (Floor Trading Only),10 USD,10000 mmBtu,USD / mmBtu,USD,,,19950511,,,,,,,
192,54,SX,CME,S&P 100 Index,5 USD,500 USD x Index,points,USD,,,19830103,,,,,,,
193,54,MV,KCBT,Value Line Index(Mini),1 USD,100 USD x Index,points,USD,,,19750102,,,,,,,
199,54,LSU,EURONEXT,Sugar #5(White) (LCE),5 USD,50 tonnes,USD / tonne,USD,,,19870731,,,,,,,
204,54,JSV,TCE,Silver-Tokyo (Day Session),300 JPY,30 kg,JPY / 10 grams,JPY,,,19840126,,,,,FN204,
207,54,TU2,CBT,T-Note-U.S.  2 Yr(Floor+Electronic Combined)-#382 w/o last digit,31.25 USD,200000 USD,points,USD,,,19950810,,,,,,,
209,54,FFI,EURONEXT,FTSE 100 Index (LIFFE),1 GBP,10 GBP x Index,points,GBP,,,19840402,,,,,,,
213,54,YG,CBT,Gold (New York Based),3.32 USD,33.2 toz,USD / toz,USD,,,19921117,,,,,,,
214,54,SMI,EUREX,Swiss Market Index,1 CHF,10 CHF x Index,points,CHF,,,19901109,,,,,,,
224,54,HU,NYMEX,Gasoline Unleaded (Floor Trading Only),4.20 USD,42000 gal,USD / gal,USD,,,19841203,,,,,FN224,
225,54,YT1,SFE,Australian Govt Bond 6%-(10Yr)(rounded #381),80 AUD,100000 AUD,percent,AUD,,,19960424,,,,,,,
228,54,YBA,SFE,Australian Bank Bills (90 day),24 AUD,1000000 AUD,AUD / basis point,AUD,,,19840803,,,,,,,
230,54,YIX,SFE,Australian Share Price Index,2.50 AUD,25 AUD x Index,points,AUD,,,19840803,,,,,,,
231,54,YTT,SFE,Australian Govt Bond 6%(3Yr),2.8 AUD,100000 AUD,percent,AUD,,,19880519,,,,,,,
232,54,YAP,SFE,SPI 200 Index(Floor Trading Only),2.5 AUD,25 AUD x Index,points,AUD,,,19840803,,,,,,,
236,54,NW,MGE,Wheat-Winter,6.25 USD,5000 bu,0.01 USD / bu,USD,,,19850219,,,,,,,
248,54,SSI,SGX,Nikkei 225 Index(Combined) (SIMEX),500 JPY,500 JPY x Index,points,JPY,,,19840104,,,,,,,
249,54,SEY,SGX,Euroyen-3Mth  (SIMEX),250 JPY,100000000 JPY,JPY / basis point,JPY,,,19980410,,,,,,,
250,54,TY2,CBT,T-Note-U.S. 10 Yr  (Floor Trading Only),15.625 USD,100000 USD,points,USD,,,19950810,,,,,,,
251,54,FV,CBT,T-Note-U.S. 5 Yr (Floor+Electronic Combined),3.125 USD,100000 USD,points,USD,,,19950810,,,,,,,
255,54,JNI,OSE,Nikkei 225 Index  (Combined),1000 JPY,1000 JPY x Index,points,JPY,,,19880903,,,,,,,
258,54,BC,CME,Major Market Index (Floor Trading Only),5 USD,500 USD x Index,points,USD,,,19850806,,,,,,,
262,54,JY2,CME,Japanese Yen (Floor Trading Only),12.50 USD,12500000 JPY,USD / 100 JPY,USD,,,19720517,,,,,FN262,
263,54,DX,FINEX,U.S. Dollar Index,1 USD,1000 USD x Index,points,USD,,,19710104,,,,,,,
264,61,EU,FINEX,Euro,2 USD,200000 EUR,USD,USD,,,19860107,,,,,,,
265,54,AD2,CME,Australian Dollar (Floor Trading Only),10 USD,100000 AUD,USD,USD,,,19861125,,,,,,,
266,54,GI,CME,Goldman Sachs Commodity,2.50 USD,250 USD x Index,points,USD,,,19691231,,,,,,,
269,54,ED2,CME,Eurodollar-3 Mth (Floor Trading Only),2.5 USD,1000000 USD,USD / basis point,USD,,,19811209,,,,,,,
270,54,EM2,CME,LIBOR (Floor Trading Only),2.50 USD,3000000 USD,USD / basis point,USD,,,19900326,,,,,,,
278,54,MP2,CME,Mexican Peso  (Floor Trading Only),5 USD,500000 MXN,USD,USD,,,19971202,,,,,,,
290,54,SP2,CME,S&P 500 (Floor+Electronic Combined),2.5 USD,250 USD x Index,points,USD,,,19500103,,,,,,,
293,54,FV2,CBT,T-Note-U.S.  5 Yr (Floor Trading Only),3.125 USD,100000 USD,points,USD,,,19950810,,,,,,,
304,54,NGL,ICE,Natural Gas (National Balancing Point) (IPE),0.30 GBP,1000 Therm / Day,0.01 GBP / Therm,GBP,,,20001212,,,,,,,
305,54,KLB,MDEX,KLIBOR (3 Mth),25 MYR,1000000 MYR,points,MYR,,,20030430,,,,,,,
307,54,HTX,OTOB,Hungarian Stock Index,0.50 USD,5 USD x Index,percent,USD,,,19941230,,,,,,,
320,54,AEX,EOE,EOE Index(Amsterdam),2 EUR,Euro 200 x Index,points,EUR,,,19921012,,,,,,,
326,54,ATX,OTOB,Austrian Trade Index,1 EUR,10 EUR x Index,points,EUR,,,19921111,,,,,,,
329,54,KFX,FUTOP,KFX Index,100 DKK,10000 DKK x Index,points,DKK,,,19930126,,,,,,,
330,54,SHK,SGX,Hong Kong Index (SIMEX),5 USD,5 USD x Index,points,USD,,,19981130,,,,,,,
331,54,MFX,MEFF,IBEX 35 Index,1 EUR,10 EUR x Index,points,EUR,,,19930406,,,,,,,
333,54,NGB,SFE,New Zealand Govt Stock(10Yr) (NZFE),10 NZD,100000 NZD,percent,NZD,,,20050321,,,,,,,
338,54,OBX,OSLO,OBX Index,10 NOK,100 NOK x Index,points,NOK,,,19930917,,,,,,,
342,54,BFX,EURONEXT,Belgian 20 Index  (BELFOX),2 EUR,20 EUR x Index,points,EUR,,,19931029,,,,,,,
346,54,JNW,OSE,Nikkei 300 Index  (Floor+Evening Combined),1000 JPY,10000 JPY x Index,points,JPY,,,19940209,,,,,,,
347,54,FMC,EURONEXT,FTSE 250 Index (LIFFE),10 GBP,100 GBP x Index,points,GBP,,,20061016,,,,,,,
355,54,BR,CME,Brazilian Real,10 USD,100000 BRL,USD,USD,,,19951101,,,,,,,
381,54,YTC,SFE,Australian Govt Bond 6%(10Yr),8 AUD,100000 AUD,percent,AUD,,,19850114,,,,,,,
382,54,TU,CBT,T-Note-U.S.  2 Yr (Floor+Electronic Combined),6.25 USD,200000 USD,points,USD,,,19950810,,,,,,,
391,54,IND,BMF,Ibovespa Index,1 BRL,1 BRL x Index,points,BRL,,,19930427,,,,,,,
401,54,SG,CME,S&P 500 BARRA Growth Index,2.50 USD,250 USD x Index,points,USD,,,19921030,,,,,,,
402,54,SU,CME,S&P 500 BARRA Value Index,2.50 USD,250 USD x Index,points,USD,,,19921030,,,,,,,
406,54,KLI,MDEX,KLSE Comp Index,5 MYR,50 MYR x Index,points,MYR,,,19870805,,,,,,,
409,54,S2,CBT,Soybeans (Floor+Electronic Combined),6.25 USD,5000 bu,0.01 USD / bu,USD,,,19590701,,,,,,,
410,54,SM2,CBT,Soybean Meal  (Floor+Electronic Combined),10 USD,100 short tons,USD / short ton,USD,,,19590701,,,,,,,
411,54,BO2,CBT,Soybean Oil  (Floor+Electronic Combined),6 USD,60000 lb,0.01 USD / lb,USD,,,19660523,,,,,,,
412,54,C2,CBT,Corn  (Floor+Electronic Combined),6.25 USD,5000 bu,0.01 USD / bu,USD,,,19590701,,,,,,,
413,54,W2,CBT,Wheat  (Floor+Electronic Combined),6.25 USD,5000 bu,0.01 USD / bu,USD,,,19660516,,,,,,,
414,54,O2,CBT,Oats  (Floor+Electronic Combined),6.25 USD,5000 bu,0.01 USD / bu,USD,,,19700105,,,,,,,
429,54,ND,CME,Nasdaq 100 Index (Floor+Electronic Combined),10 USD,100 USD x Index,points,USD,,,19851001,,,,,,,
443,54,MDX,EUREX,DAX Midcap Index-DTB,0.5 EUR,5 EUR x Index,points,EUR,,,19960923,,,,,,,
448,54,STW,SGX,MSCI Taiwan Index (SIMEX),10 USD,100 USD x Index,points,USD,,,19970109,,,,,,,
450,54,RP,CME,Euro/British Pound,1.25 GBP,125000 EUR,GBP,GBP,,,19990113,,,,,,,
451,54,RY,CME,Euro/Japanese Yen,1250 JPY,125000 EUR,JPY,JPY,,,19990113,,,,,,,
452,54,RF,CME,Euro/Swiss Franc,12.5 CHF,125000 EUR,CHF,CHF,,,19990113,,,,,,,
455,54,ND2,CME,Nasdaq 100(Floor Trading Only),1 USD,100 USD x Index,points,USD,,,19851001,,,,,,,
458,54,RA2,CME,South African Rand,5 USD,500000 ZAR,USD,USD,,,19970512,,,,,,,
459,54,NE2,CME,New Zealand Dollar,10 USD,100000 NZD,USD,USD,,,19970512,,,,,,,
466,54,ALS,SAFEX,FTSE/JSE Top 40 Index,10 ZAR,10 ZAR x Index,points,ZAR,,,19900502,,,,,,,
468,54,INI,SAFEX,Industrial Index,10 ZAR,10 ZAR x Index,points,ZAR,,,19900502,,,,,,,
487,54,ES,CME,S&P 500 Index-E-mini,0.50 USD,50 USD x Index,points,USD,,,19500103,,,,,,,
491,54,PSI,BDP,PSI 20 Index,1 EUR,1 EUR x Index,points,EUR,,,19970903,,,,,,,
496,54,DJ,CBT,Dow Jones Industrial Index(Floor+Electronic Combined),10 USD,10 USD x Index,points,USD,,,19281001,,,,,FN496,
497,54,NQ,CME,Nasdaq 100 Index-E-mini,0.20 USD,20 USD x Index,points,USD,,,19851001,,,,,,,
498,54,JT,CME,Japanese Yen E-mini,6.25 USD,6250000 JPY,USD / 100 JPY,USD,,,19720517,,,,,,,
499,54,EX,CME,Euro E-mini,6.25 USD,62500 EUR,USD,USD,,,19720516,,,,,,,
501,54,KOS,KSE,KOSPI 200 Index,5000 KRW,500000 KRW x Index,points,KRW,,,19980120,,,,,,,
519,54,RU2,CME,Russian Ruble,25 USD,2500000 RUB,USD,USD,,,19980422,,,,,,,
520,54,CTX,OTOB,Czech Index,0.50 USD,5 USD x Index,points,USD,,,19980423,,,,,,,
521,54,PTX,OTOB,Polish Index,0.50 USD,5 USD x Index,points,USD,,,19980423,,,,,,,
522,54,RTX,OTOB,Russian Index,0.1 USD,10 USD x Index,points,USD,,,19980423,,,,,,,
523,54,FEU,EURONEXT,Eurotop 100 Index (LIFFE),2 EUR,20 EUR x Index,points,EUR,,,19980512,,,,,,,
524,54,CU,CME,Euro(Floor+Electronic Combined),12.50 USD,125000 EUR,USD,USD,,,19720516,,,,,,,
529,54,SXX,EUREX,DJ STOXX 50 Index,1 EUR,10 EUR x Index,points,EUR,,,19980622,,,,,,,
530,54,SXE,EUREX,DJ Euro STOXX 50 Index,0.1 EUR,10 EUR x Index,points,EUR,,,19980622,,,,,,,
539,54,SSG,SGX,MSCI Singapore Stock Index (SIMEX),20 SGD,200 SGD x Index,points,SGD,,,19980901,,,,,,,
550,54,STL,SGX,Index-DJ Thailand Stock (SIMEX),3 USD,300 USD x Index,points,USD,,,19981102,,,,,,,
580,54,FEB,EURONEXT,FTSE Eurobloc 100 (LIFFE),2 EUR,20 EUR x Index,points,EUR,,,19990525,,,,,,,
581,54,FET,EURONEXT,FTSE Eurotop 300 (LIFFE),2 EUR,20 EUR x Index,points,EUR,,,19990525,,,,,,,
582,54,FEK,EURONEXT,FTSE Eurotop 300 excluding UK (LIFFE),2 EUR,20 EUR x Index,points,EUR,,,19990525,,,,,,,
583,54,MSE,EURONEXT,MSCI Euro (LIFFE),2 EUR,20 EUR x Index,points,EUR,,,20000630,,,,,,,
584,54,MSP,EURONEXT,MSCI Pan-Euro (LIFFE),2 EUR,20 EUR x Index,points,EUR,,,20000630,,,,,,,
588,54,SXF,ME,S&P Canada 60  (Floor+Electronic Combined),2 CAD,200 CAD x Index,points,CAD,,,19981231,,,,,,,
594,54,DR2,CBT,Dow Jones Utility Average(Floor Trading Only),2 USD,200 USD x Index,points,USD,,,20000720,,,,,,,
595,54,DQ2,CBT,Dow Jones Transportation Average(Floor Trading Only),2 USD,20 USD x Index,points,USD,,,20000720,,,,,,,
596,54,DJ2,CBT,Dow Jones Industrial Average(Floor Trading Only),10 USD,10 USD x Index,points,USD,,,19281001,,,,,FN596,
600,54,EOX,EUREX,OMX Helsinki 25,0.10 EUR,10 EUR x Index,points,EUR,,,19950505,,,,,,,
626,54,LMX,LME,LMEX Index,1 USD,10 USD x Index,points,USD,,,20000531,,,,,,,
627,54,FTM,EURONEXT,FTSE TechMARK 100 Index (LIFFE),1 GBP,10 GBP x Index,points,GBP,,,20000630,,,,,,,
640,54,JRI,OME,Rubber Index,200 JPY,20000 JPY x Index,points,JPY,,,19970106,,,,,,,
643,54,SIN,SGX,S&P CNX Nifty Index (SIMEX),2 USD,2 USD x Index,points,USD,,,20000925,,,,,,,
644,54,TX,TAIFEX,TAIEX Index,200 TWD,200 TWD x Index,points,TWD,,,20000828,,,,,,,
645,54,TXF,TAIFEX,TSEC Finance Index,10 TWD,1000 TWD x Index,points,TWD,,,20000828,,,,,,,
646,54,TXE,TAIFEX,TSEC Electronics Index,40 TWD,4000 TWD x Index,points,TWD,,,20000828,,,,,,,
648,54,SS2,SGX,Nikkei 225 Index(Floor Trading Only) (SIMEX),500 JPY,500 JPY x Index,points,JPY,,,19840104,,,,,,,
655,54,KSQ,KSE,KOSDAQ 50 Index,1000 KRW,100000 KRW x Index,points,KRW,,,20010215,,,,,,,
659,54,ATF,ADEX,Index-FTSE/ASE 20,0.05 EUR,5 EUR x Index,points,EUR,,,20010406,,,,,,,
660,54,AT4,ADEX,Index-FTSE/ASE Midcap 40,0.05 EUR,5 EUR x Index,points,EUR,,,20010406,,,,,,,
662,54,ELB,ICE,Electricity Base (IPE),0.01 GBP x contract size in MWh,0.01 GBP / MWh x 24 x days,0.01 GBP,GBP,,,20020306,,,,,,,
666,54,TU3,CBT,T-Note-U.S.  2 Yr(Floor Trading Only),6.25 USD,200000 USD,points,USD,,,19950810,,,,,,,
684,54,EMD,CME,Index-S&P Midcap 400 E-mini,1 USD,100 USD x Index,points,USD,,,20020128,,,,,,,
688,54,GI2,CME,Goldman Sachs Commodity(Floor Trading Only),2.50 USD,250 USD x Index,points,USD,,,19691231,,,,,,,
692,54,NCI,MGE,National Corn Index,6.25 USD,5000 bu,USD / bu,USD,,,20020226,,,,,,,
693,54,NSI,MGE,Soybean Index-National,6.25 USD,5000 bu,USD / bu,USD,,,20020226,,,,,,,
694,54,LC2,CME,Cattle-LiveCME(Floor Trading Only),4 USD,40000 lb,0.01 USD / lb,USD,,,19660209,,,,,,,
695,54,LH2,CME,Hogs-Lean(Floor Trading Only),4 USD,40000 lb,0.01 USD / lb,USD,,,19660301,,,,,,,
696,54,FC2,CME,Cattle-Feeder(Floor Trading Only),5 USD,50000 lb,0.01 USD / lb,USD,,,19770902,,,,,,,
698,54,XT,CME,S&P Topix 150 Index,50 JPY,5000 JPY x Index,points,JPY,,,20020320,,,,,,,
699,54,YM,CBT,DJIA Mini $5 Index,5 USD,5 USD x Index,points,USD,,,20020405,,,,,,,
711,54,SEK,CME,Swedish Krona/U.S. Dollar,20 USD,2000000 SEK,USD,USD,,,20020522,,,,,,,
712,54,NOK,CME,Norwegian Krone/U.S. Dollar,20 USD,2000000 NOR,USD,USD,,,20020522,,,,,,,
713,54,ESK,CME,Euro/Swedish Krona,12.5 SEK,125000 EUR,SEK,SEK,,,20020522,,,,,,,
714,54,ENK,CME,Euro/Norwegian Kroner,12.5 NOK,125000 EUR,NOK,NOK,,,20020522,,,,,,,
715,54,EAD,CME,Euro/Australian Dollar,12.5 AUD,125000 EUR,AUD,AUD,,,20020522,,,,,,,
716,54,ECD,CME,Euro/Canadian Dollar,2.5 CAD,125000 EUR,CAD,CAD,,,20020522,,,,,,,
717,54,CJY,CME,Canadian Dollar/Japanese Yen,2000 JPY,200000 CAD,JPY,JPY,,,20020522,,,,,,,
718,54,ACD,CME,Australian Dollar/Canadian Dollar,20 CAD,200000 AUD,CAD,CAD,,,20020523,,,,,,,
719,54,ANE,CME,Australian Dollar/New Zealand Dollar,20 NZD,200000 AUD,NZD,NZD,,,20020522,,,,,,,
720,54,AJY,CME,Australian Dollar/Japanese Yen,2000 JPY,200000 AUD,JPY,JPY,,,20020522,,,,,,,
721,54,PSF,CME,British Pound/Swiss Franc,12.5 CHF,125000 GBP,CHF,CHF,,,20020522,,,,,,,
722,54,PJY,CME,British Pound/Japanese Yen,1250 JPY,125000 GBP,JPY,JPY,,,20020522,,,,,,,
723,54,SJY,CME,Swiss Franc/Japanese Yen,250 JPY,250000 CHF,JPY,JPY,,,20020522,,,,,,,
724,54,QG,NYMEX,Natural Gas-Henry Hub e-miNY,2.50 USD,2500 mmBtu,USD / mmBtu,USD,,,19950511,,,,,,,
728,54,YA2,SFE,SPI 200 Index(w/SYCOM),2.5 AUD,25 AUD x Index,points,AUD,,,19840803,,,,,,,
729,54,LST,CME,TRAKRS Long/Short Tech II Index,0.01 USD,1 USD x Index,points,USD,,,20020801,,,,,,,
733,54,FIN,CME,SPCTR-Financial Index(Floor+Electronic Combined),1.25 USD,125 USD x S&P500 Fin Sect Index,points,USD,,,20030307,,,,,,,
734,54,TEC,CME,SPCTR-Technology Index((Floor+Electronic Combined)CME,1.25 USD,125 USD x S&P500 Tech Sect Index,points,USD,,,20030307,,,,,,,
736,54,SMC,CME,E-Mini S&P 600 Smallcap Index,1 USD,100 USD x Index,points,USD,,,20021111,,,,,,,
740,54,US8,CME,CME Dollar Index(Floor+Electronic Combined),10 USD,1000 USD x CME $ Index,points,USD,,,20030303,,,,,,,
741,54,USX,CME,CME Dollar Index(Floor Trading Only),10 USD,1000 USD x CME $ Index,points,USD,,,20030303,,,,,,,
742,54,NIF,NSI,S&P CNX Nifty Index,2 INR,100 INR x Index,points,INR,,,20030520,,,,,,,
745,54,RSS,CME,Index-Russell 1000,1 USD,100 USD x Index,points,USD,,,20030428,,,,,,,
746,54,IH,MGE,Wheat Index(Hard Winter),6.25 USD,5000 bu,0.01 USD / bu,USD,,,20030512,,,,,,,
747,54,GG,NYFE,Russell 1000 Growth Index,5 USD,500 USD x Index,points,USD,,,20030512,,,,,,,
748,54,VV,NYFE,Russell 1000 Value Index,5 USD,500 USD x Index,points,USD,,,20030512,,,,,,,
750,54,FF2,CBT,Fed Fund Rate 30 Day(Floor Trading Only),4.167 USD,5000000 USD,USD / basis point,USD,,,19881003,,,,,,,
751,54,ST2,SGX,MSCI Taiwan Index(Floor Trading Only) (SIMEX),10 USD,100 USD x Index,points,USD,,,19970109,,,,,,,
764,54,LC4,ICE,Brent Crude (IPE)(Electronic),10 USD,1000 bbl,USD / bbl,USD,,,19890228,,,,,,,
778,54,YU,NYFE,NYSE Composite Index-Revised,0.50 USD,50 USD x Index,points,USD,,,19811231,,,,,,,
782,54,QCN,CME,E-mini Nasdaq Composite Index Futures (Floor+Electronic Combined),0.20 USD,20 USD x Index,points,USD,,,20031031,,,,,,,
809,54,HG2,COMEX,CopperHG (Floor+Electronic Combined),2.50 USD,25000 lb,0.01 USD / lb,USD,,,19740605,,,,,,,
849,54,PA2,NYMEX,Palladium (Floor+Electronic Combined),1 USD,100 toz,USD / toz,USD,,,19830718,,,,,,,
856,54,CL2,NYMEX,Crude Oil-Light (Floor+Electronic Combined),10 USD,1000 bbl,USD / bbl,USD,,,19830330,,,,,,,
857,54,HO2,NYMEX,Heating Oil #2 (Floor+Electronic Combined),4.20 USD,42000 gal,USD / gal,USD,,,19781115,,,,,,,
858,54,HU2,NYMEX,Gasoline Unleaded (Floor+Electronic Combined),4.20 USD,42000 gal,USD / gal,USD,,,19841203,,,,,,,
859,54,PL2,NYMEX,Platinum (Floor+Electronic Combined),5 USD,50 toz,USD / toz,USD,,,19770826,,,,,,,
867,54,GC2,COMEX,Gold (Floor+Electronic Combined),10 USD,100 toz,USD / toz,USD,,,19750102,,,,,,,
868,54,SI2,COMEX,Silver (Floor+Electronic Combined),5 USD,5000 toz,0.01 USD / toz,USD,,,19671206,,,,,,,
869,54,NG2,NYMEX,Natural Gas-Henry Hub (Floor+Electronic Combined),10 USD,10000 mmBtu,USD / mmBtu,USD,,,19950511,,,,,,,
912,54,NK2,CME,Nikkei 225 Index(Floor Trading Only),5 USD,5 USD x Index,points,USD,,,19900925,,,,,,,
919,54,VX,CFE,CBOE Volatility Index,1 USD,1000 USD x VBI,points,USD,,,20040405,,,,,,,
941,54,IFS,MIF,MIB FTSE Index (S&P-June09),5 EUR,5 EUR x Index,points,EUR,,,19930319,,,,,,,
942,54,IFM,MIF,MIB Index-Mini,1 EUR,1 EUR x Index,points,EUR,,,20040805,,,,,,,
948,54,CX,CFE,CBOE China Index,1 USD,100 USD x Index,points,USD,,,20041116,,,,,,,
950,54,PLZ,CME,Polish Zloty-U.S. Dollar,5 USD,500000 PLN,points,USD,,,20041116,,,,,,,
951,54,EPL,CME,Euro/Polish Zloty,5 EUR,500000 PLN,points,EUR,,,20041116,,,,,,,
953,54,W20,WSE,WIG 20 Index,0.1 PLN,10 PLN x Index,points,PLN,,,20050203,,,,,,,
955,54,FSB,EUREX,DJ Banks STOXXSM600 Index,0.5 EUR,50 EUR x Index,points,EUR,,,20050203,,,,,,,
956,54,O30,OMX,OMXS30 Index(Future) (SOM),1 SEK,100 SEK x Index,points,SEK,,,19921012,,,,,,,
957,54,RI,MGE,Wheat Index-Soft Red Winter,6.25 USD,5000 bu,0.01 USD / bu,USD,,,20050218,,,,,,,
958,54,SW,MGE,Wheat Index-Red Spring,6.25 USD,5000 bu,0.01 USD / bu,USD,,,20050218,,,,,,,
959,54,EFE,EURONEXT,FTSE Eurofirst 80 Index (LIFFE),0.1 EUR,10 EUR x Index,points,EUR,,,20050308,,,,,,,
960,54,EFP,EURONEXT,FTSE Eurofirst 100 Index (LIFFE),0.1 EUR,10 EUR x Index,points,EUR,,,20050308,,,,,,,
967,54,QQQ,CME,ETF-Nasdaq 100(Electronic Only),2 USD,200 shares,USD / Share,USD,,,20051214,,,,,,,
968,54,SPY,CME,ETF-S&P Depositary Receipts(Electronic Only),1 USD,100 shares,USD / Share,USD,,,20051214,,,,,,,
969,54,IWM,CME,ETF-iShares Russell 2000(Electronic Only),1 USD,200 shares,USD / share,USD,,,20060120,,,,,,,
970,54,CRB,NYFE,Reuters Jefferies CRB Index,2 USD,200 USD x Index,points,USD,,,19940103,,,,,,,
975,54,RB,NYMEX,Gasoline-Reformulated Blendstock(Floor),4.20 USD,42000 gal,USD / gal,USD,,,19841203,,,,,,,
976,54,RB2,NYMEX,Gasoline-Reformulated Blendstock(Combined),4.20 USD,42000 gal,USD / gal,USD,,,19841203,,,,,,,
978,54,RCI,CME,TRAKRS Rogers Intl Commodity Index(Electronic Only),0.01 USD,1 USD x Index,points,USD,,,20051214,,,,,,,
979,54,TDX,EUREX,TecDAX Index,0.01 EUR,10 EUR x Index,points,EUR,,,20051201,,,,,,,
987,54,E,FINEX,Euro Currency Index,1 EUR,1000 EUR x Index,points,EUR,,,20060113,,,,,,,
990,54,VD,CFE,DJIA Volatility Index,1 USD,1000 USD x (10 x Index),points,USD,,,20060120,,,,,,,
992,54,IPC,MXN,IPC Index,100 MXN,0.10 MXN,points,MXN,,,20060223,,,,,,,
993,54,F2X,EUREX,Dax Index(Last Trade in Close Field),2.5 EUR,25 EUR x Index,points,EUR,,,19901126,,,,,,,
994,54,S2E,EUREX,Dow Jones Euro Stoxx 50 Index(Last Trade in Close Field),1 EUR,10 EUR x Index,points,EUR,,,19980622,,,,,,,
100048,54,S50,TFEX,Set 50 Index,10 THB,1000 THB x Index,points,THB,,,20060824,,,,,,,
100049,54,RIX,RTS,RTS Index,0.02 USD,2 USD x Index,points,USD,,,20060823,,,,,,,
100051,54,CEC,OTOB,CECEEUR Index,0.05 EUR,5 EUR x Index,points,EUR,,,20060823,,,,,,,
100052,54,BUX,BUD,BUX Index,1 HUF,100 HUF x Index,points,HUF,,,20060823,,,,,,,
100056,54,AXJ,ASX,S&P/ASX Index-Mini 200,1 AUD,10 AUD x Index,points,AUD,,,20060908,,,,,,,
100060,54,RA,CME,SA Rand (Floor+ Electronic Combined),5 USD,500000 ZAR,USD,USD,,,19970512,,,,,,,
100062,54,NE,CME,New Zealand Dollar (Floor+Electronic Combined),10 USD,100000 NZD,USD / NZD,USD,,,19970512,,,,,,,
100084,54,DEE,EUREX,DJ Euro Stoxx Oil & Gas Sector Index,0.5 EUR,50 EUR x Index,points,EUR,,,20061130,,,,,,,
100085,54,DJE,EUREX,DJ STOXX 600 Oil & Gas Sector Index,0.5 EUR,50 EUR x Index,points,EUR,,,20070328,,,,,,,
100099,54,ESM,EUREX,Swiss Mid-cap Index,0.1 CHF,10 CHF x Index,points,CHF,,,20061208,,,,,,,
100100,54,EVD,EUREX,VDAX New Index,10 EUR,1000 EUR x Index,points,EUR,,,20061208,,,,,,,
100101,54,EVS,EUREX,VSTOXX Index,10 EUR,1000 EUR x Index,points,EUR,,,20061208,,,,,,,
100119,54,ILS,CME,Isreali Shekel,10 USD,1000000 ILS,USD / ILS,USD,,,20070220,,,,,,,
100120,54,CKO,CME,Czech Koruna,4 USD,4000000 CZK,USD / 100 CZK,USD,,,20070220,,,,,,,
100121,54,ECZ,CME,Czech Koruna/Euro,4 EUR,4000000 CZK,EUR / 100 CZK,EUR,,,20070220,,,,,,,
100122,54,HFO,CME,Hungarian Forint,3 USD,30000000 HUF,USD / 100 HUF,USD,,,20070220,,,,,,,
100123,54,EHU,CME,Hungarian Forint/Euro,3 EUR,30000000 HUF,EUR / 100 HUF,EUR,,,20070220,,,,,,,
100138,54,REI,CBT,DJ Real Estate,1 USD,100 USD x Index,points,USD,,,20070328,,,,,,,
100140,54,SB2,NYCE,Sugar #11 (Floor+Electronic Combined),11.20 USD,112000 lb,0.01 USD / lb,USD,,,19651230,,,,,,,
100144,54,CT2,NYCE,Cotton #2 (Floor+Electronic Combined),5 USD,50000 lb,0.01 USD / lb,USD,,,19730402,,,,,,,
100146,54,KC2,NYCE,Coffee (Floor+Electronic Combined),3.75 USD,37500 lb,0.01 USD / lb,USD,,,19730402,,,,,,,
100148,54,CC2,NYCE,Cocoa (Floor+Electronic Combined),10 USD,10 tonnes,USD / tonne,USD,,,19651230,,,,,,,
100150,54,OJ2,NYCE,Orange Juice-Frozen  (Floor+Electronic Combined),1.50 USD,15000 lb,0.01 USD / lb,USD,,,19760109,,,,,,,
100168,54,SS4,SGX,MSCI Singapore Index,20 SGD,200 SGD x Index,points,SGD,,,19980901,,,,,,,
100169,54,SS3,SGX,MSCI Singapore Index-Prior Evening Session(Close in Last Field),20 SGD,200 SGD x Index,points,SGD,,,19980901,,,,,,,
100170,54,SI4,SGX,S&P CNX Nifty Index (Day Only),2 USD,2 USD x Index,points,USD,,,20000925,,,,,,,
100205,54,DX2,FINEX,U.S. Dollar Index(Floor+Electronic Combined),1 USD,1000 USD x Index,points,USD,,,19710104,,,,,,,
38,49,MCU,LME,Gold-Spot O;H&L(AM/PM fix);C(PM fix),0.1 USD,100 oz,USD / oz,USD,,,19750416,,,,,FN38,
38,50,MCU,LME,Gold-Spot O;AM fix;PM fix;C,0.1 USD,100 oz,USD / oz,USD,,,19750416,,,,,FN38,
38,52,MCU,LME,Gold O;AM fix;H&L(AM/PM Fix);C(PM-LM),0.1 USD,100 oz,USD / oz,USD,,,19750416,,,,,FN38,
38,46,MCU,LME,Copper Cash Close,2.50 USD,25 tonnes,USD / tonne,USD,,,19680102,,,,,FN38,
38,48,MCU,LME,Copper Cash OHLC,2.50 USD,25 tonnes,USD / tonne,USD,,,19680102,,,,,FN38,
38,39,MCU,LME,Copper  3 Mth OHLC,2.50 USD,25 tonnes,USD / tonne,USD,,,19680102,,,,,FN38,
38,41,MCU,LME,Copper 15 Mth OHLC,2.50 USD,25 tonnes,USD / tonne,USD,,,19870611,,,,,FN38,
38,44,MCU,LME,Copper 27 Mth OHLC,2.50 USD,25 tonnes,USD / tonne,USD,,,19910610,,,,,FN38,
38,58,MCU,LME,Copper Cash O&H-AM fix;L&C-PM fix;,2.5 USD,25 tonnes,USD / tonne,USD,,,19880201,,,,,FN38,
38,59,MCU,LME,Copper  3 Mth AM/PM fix;,2.5 USD,25 tonnes,USD / tonne,USD,,,19880201,,,,,FN38,
38,60,MCU,LME,Copper 15 Mth AM/PM fix,2.50 USD,25 tonnes,USD / tonne,USD,,,19930517,,,,,FN38,
38,53,MCU,LME,Copper 27 Mth AM/PM fix,2.5 USD,25 tonnes,USD / tonne,USD,,,19910610,,,,,FN38,
38,51,MCU,LME,British Pound Settlement Rate,2.5 USD,25 tonnes,USD / tonne,USD,,,19680102,,,,,FN38,
46,46,MTN,LME,Tin Cash Close,5 USD,5 tonnes,USD / tonne,USD,,,19890601,,,,,,,
46,48,MTN,LME,Tin Cash OHLC,5 USD,5 tonnes,USD / tonne,USD,,,19890629,,,,,,,
46,39,MTN,LME,Tin  3 Mth OHLC,5 USD,5 tonnes,USD / tonne,USD,,,19890601,,,,,,,
46,41,MTN,LME,Tin 15 Mth OHLC,5 USD,5 tonnes,USD / tonne,USD,,,19890601,,,,,,,
46,58,MTN,LME,Tin Cash AM/PM fix,5 USD,5 tonnes,USD / tonne,USD,,,19890601,,,,,,,
46,59,MTN,LME,Tin  3 Mth AM/PM fix,5 USD,5 tonnes,USD / tonne,USD,,,19890601,,,,,,,
46,60,MTN,LME,Tin 15 Mth AM/PM fix,5 USD,5 tonnes,USD / tonne,USD,,,19891031,,,,,,,
47,46,MPB,LME,Lead Cash Close,2.50 USD,25 tonnes,USD / tonne,USD,,,19680102,,,,,FN47,
47,48,MPB,LME,Lead Cash OHLC,2.50 USD,25 tonnes,USD / tonne,USD,,,19680102,,,,,FN47,
47,39,MPB,LME,Lead  3 Mth OHLC,2.50 USD,25 tonnes,USD / tonne,USD,,,19680102,,,,,FN47,
47,41,MPB,LME,Lead 15 Mth OHLC,2.50 USD,25 tonnes,USD / tonne,USD,,,19870611,,,,,FN47,
47,58,MPB,LME,Lead Cash AM/PM fix,2.50 USD,25 tonnes,USD / tonne,USD,,,19880201,,,,,FN47,
47,59,MPB,LME,Lead  3 Mth AM/PM fix,2.5 USD,25 tonnes,USD / tonne,USD,,,19880201,,,,,FN47,
47,60,MPB,LME,Lead 15 Mth AM/PM fix,2.5 USD,25 tonnes,USD / tonne,USD,,,19891031,,,,,FN47,
48,46,MZS,LME,Zinc Cash Close,2.50 USD,25 tonnes,USD / tonne,USD,,,19880901,,,,,FN48,
48,48,MZS,LME,Zinc Cash OHLC,2.50 USD,25 tonnes,USD / tonne,USD,,,19880920,,,,,FN48,
48,39,MZS,LME,Zinc  3 Mth OHLC,2.50 USD,25 tonnes,USD / tonne,USD,,,19880901,,,,,FN48,
48,42,MZS,LME,Zinc 15 Mth OHLC,2.50 USD,25 tonnes,USD / tonne,USD,,,19880901,,,,,FN48,
48,44,MZS,LME,Zinc 27 Mth OHLC,2.50 USD,25 tonnes,USD / tonne,USD,,,19910610,,,,,FN48,
48,58,MZS,LME,Zinc Cash AM/PM fix,2.50 USD,25 tonnes,USD / tonne,USD,,,19900330,,,,,FN48,
48,59,MZS,LME,Zinc  3 Mth AM/PM fix,2.50 USD,25 tonnes,USD / tonne,USD,,,19900330,,,,,FN48,
48,60,MZS,LME,Zinc 15 Mth AM/PM fix,2.50 USD,25 tonnes,USD / tonne,USD,,,19900330,,,,,FN48,
48,53,MZS,LME,Zinc 27 Mth AM/PM fix,2.5 USD,25 tonnes,USD / tonne,USD,,,19910610,,,,,FN48,
80,46,MNI,LME,Nickel Cash Close,6 USD,6 tonnes,USD / tonne,USD,,,19800122,,,,,,,
80,48,MNI,LME,Nickel Cash OHLC,6 USD,6 tonnes,USD / tonne,USD,,,19790720,,,,,,,
80,39,MNI,LME,Nickel  3 Mth OHLC,6 USD,6 tonnes,USD / tonne,USD,,,19790423,,,,,,,
80,41,MNI,LME,Nickel 15 Mth OHLC,6 USD,6 tonnes,USD / tonne,USD,,,19870611,,,,,,,
80,44,MNI,LME,Nickel 27 Mth OHLC,6 USD,6 tonnes,USD / tonne,USD,,,19950717,,,,,,,
80,58,MNI,LME,Nickel Cash AM/PM fix,6 USD,6 tonnes,USD / tonne,USD,,,19880201,,,,,,,
80,59,MNI,LME,Nickel  3 Mth AM/PM fix,6 USD,6 tonnes,USD / tonne,USD,,,19880201,,,,,,,
80,60,MNI,LME,Nickel 15 Mth AM/PM fix,6 USD,6 tonnes,USD / tonne,USD,,,19891031,,,,,,,
80,53,MNI,LME,Nickel 27 Mth AM/PM fix,6 USD,6 tonnes,USD / tonne,USD,,,19940531,,,,,,,
82,46,MAA,LME,Alum Alloy Cash Close,2 USD,20 tones,USD / tone,USD,,,19930104,,,,,,,
82,48,MAA,LME,Alum Alloy Cash OHLC,2 USD,20 tones,USD / tone,USD,,,19921124,,,,,,,
82,39,MAA,LME,Alum Alloy  3 Mth OHLC,2 USD,20 tones,USD / tone,USD,,,19921006,,,,,,,
82,41,MAA,LME,Alum Alloy 15 Mth OHLC,2 USD,20 tones,USD / tone,USD,,,19921006,,,,,,,
82,58,MAA,LME,Alum Alloy Cash AM/PM fix,2 USD,20 tones,USD / tone,USD,,,19930104,,,,,,,
82,59,MAA,LME,Alum Alloy  3 Mth AM/PM fix,2 USD,20 tone,USD / tone,USD,,,19921006,,,,,,,
82,60,MAA,LME,Alum Alloy 15 Mth AM/PM fix,2 USD,20 tone,USD / tone,USD,,,19921006,,,,,,,
82,44,MAA,LME,Aluminum Alloy 27 Mth OHLC,2.5 USD,25 tonnes,USD / tonne,USD,,,20020311,,,,,,,
92,46,MHA,LME,Aluminum Cash Close,2.5 USD,25 tonnes,USD / tonne,USD,,,19870827,,,,,,,
92,48,MHA,LME,Aluminum Cash OHLC,2.5 USD,25 tonnes,USD / tonne,USD,,,19870827,,,,,,,
92,39,MHA,LME,Aluminum  3 Mth OHLC,2.5 USD,25 tonnes,USD / tonne,USD,,,19870611,,,,,,,
92,41,MHA,LME,Aluminum 15 Mth OHLC,2.5 USD,25 tonnes,USD / tonne,USD,,,19870611,,,,,,,
92,44,MHA,LME,Aluminum 27 Mth OHLC,2.5 USD,25 tonnes,USD / tonne,USD,,,19910610,,,,,,,
92,58,MHA,LME,Aluminum Cash AM/PM fix,2.5 USD,25 tonnes,USD / tonne,USD,,,19880201,,,,,,,
92,59,MHA,LME,Aluminum  3 Mth AM/PM fix,2.5 USD,25 tonnes,USD / tonne,USD,,,19880201,,,,,,,
92,60,MHA,LME,Aluminum 15 Mth AM/PM fix,2.5 USD,25 tonnes,USD / tonne,USD,,,19891031,,,,,,,
92,53,MHA,LME,Aluminum 27 Mth AM/PM fix,2.5 USD,25 tonnes,USD / tonne,USD,,,19910610,,,,,,,
98,51,QH9,USGOV,T-Bill- 30 Day Rate,1 USD,NONE,percent,USD,,,20010801,,,,,FN98,
98,52,QH9,USGOV,T-Bill- 90 Day Rate,1 USD,NONE,percent,USD,,,19540105,,,,,FN98,
98,53,QH9,USGOV,T-Bill-180 Day Rate,1 USD,NONE,percent,USD,,,19581210,,,,,FN98,
160,57,QE,USGOV,Commer. Paper Dealer Rate-30 Day Rate,1 USD,NONE,percent,USD,,,19800422,,,,,FN160,
160,58,QE,USGOV,Commer. Paper Dealer Rate-60 Day Rate,1 USD,NONE,percent,USD,,,19800422,,,,,FN160,
160,59,QE,USGOV,Commer. Paper Dealer Rate-90 Day,1 USD,NONE,percent,USD,,,19800422,,,,,FN160,
160,60,QE,USGOV,Bankers Accept. Rate- 30 Day,1 USD,NONE,percent,USD,,,19800422,,,,,FN160,
160,38,QE,USGOV,Bankers Accept. Rate- 60 Day,1 USD,NONE,percent,USD,,,19800422,,,,,FN160,
160,39,QE,USGOV,Bankers Accept. Rate- 90 Day,1 USD,NONE,percent,USD,,,19800422,,,,,FN160,
160,41,QE,USGOV,Bankers Accept. Rate-120 Day,1 USD,NONE,percent,USD,,,19800422,,,,,FN160,
160,42,QE,USGOV,Bankers Accept. Rate-150 Day,1 USD,NONE,percent,USD,,,19800422,,,,,FN160,
160,37,QE,USGOV,Bankers Accept. Rate-180 Day,1 USD,NONE,percent,USD,,,19800422,,,,,FN160,
160,51,QE,USGOV,Secondary CD Rate- 30 Day,1 USD,NONE,percent,USD,,,19800422,,,,,FN160,
160,52,QE,USGOV,Secondary CD Rate- 60 Day,1 USD,NONE,percent,USD,,,19800422,,,,,FN160,
160,53,QE,USGOV,Secondary CD Rate- 90 Day,1 USD,NONE,percent,USD,,,19800422,,,,,FN160,
160,54,QE,USGOV,Secondary CD Rate-120 Day,1 USD,NONE,percent,USD,,,19800422,,,,,FN160,
160,55,QE,USGOV,Secondary CD Rate-150 Day,1 USD,NONE,percent,USD,,,19800422,,,,,FN160,
160,56,QE,USGOV,Secondary CD Rate-180 Day,1 USD,NONE,percent,USD,,,19800422,,,,,FN160,
172,48,QF,USGOV,Eurodollar Deposit Rate- 90 Day,1 USD,NONE,percent,USD,,,19800422,,,,,FN172,
172,49,QF,USGOV,Eurodollar Deposit Rate-180 Day,1 USD,NONE,percent,USD,,,19800422,,,,,FN172,
172,50,QF,USGOV,Eurodollar Deposit Rate-360 Day,1 USD,NONE,percent,USD,,,19800422,,,,,FN172,
172,54,QF,USGOV,Fed Funds Rate,1 USD,NONE,percent,USD,,,19800422,,,,,FN172,
172,55,QF,USGOV,Libor Rate-3 Mth,1 USD,NONE,percent,USD,,,19841024,,,,,FN172,
172,56,QF,USGOV,Libor Rate-6 Mth,1 USD,NONE,percent,USD,,,19841024,,,,,FN172,
234,51,QI,USGOV,Prime Rate,1 USD,NONE,percent,USD,,,19811014,,,,,FN234,
234,52,QI,USGOV,Discount Rate,1 USD,NONE,percent,USD,,,19730702,,,,,FN234,
234,37,QI,USGOV,US Dollar/Sterling Rate-  Spot,1 USD,NONE,percent,USD,,,19910123,,,,,FN234,
234,38,QI,USGOV,US Dollar/Sterling Rate- 1 Mth,1 USD,NONE,percent,USD,,,19910123,,,,,FN234,
234,39,QI,USGOV,US Dollar/Sterling Rate- 2 Mth,1 USD,NONE,percent,USD,,,19910123,,,,,FN234,
234,41,QI,USGOV,US Dollar/Sterling Rate- 3 Mth,1 USD,NONE,percent,USD,,,19910123,,,,,FN234,
234,42,QI,USGOV,US Dollar/Sterling Rate- 4 Mth,1 USD,NONE,percent,USD,,,19910123,,,,,FN234,
234,43,QI,USGOV,US Dollar/Sterling Rate- 5 Mth,1 USD,NONE,percent,USD,,,19910123,,,,,FN234,
234,44,QI,USGOV,US Dollar/Sterling Rate- 6 Mth,1 USD,NONE,percent,USD,,,19910123,,,,,FN234,
234,45,QI,USGOV,US Dollar/Sterling Rate- 7 Mth,1 USD,NONE,percent,USD,,,19910123,,,,,FN234,
234,46,QI,USGOV,US Dollar/Sterling Rate- 8 Mth,1 USD,NONE,percent,USD,,,19910123,,,,,FN234,
234,47,QI,USGOV,US Dollar/Sterling Rate- 9 Mth,1 USD,NONE,percent,USD,,,19910123,,,,,FN234,
234,48,QI,USGOV,US Dollar/Sterling Rate-10 Mth,1 USD,NONE,percent,USD,,,19910123,,,,,FN234,
234,49,QI,USGOV,US Dollar/Sterling Rate-11 Mth,1 USD,NONE,percent,USD,,,19910123,,,,,FN234,
234,55,QI,USGOV,US Dollar/Sterling Rate-12 Mth,1 USD,NONE,percent,USD,,,19910123,,,,,FN234,
234,56,QI,USGOV,US Dollar/Sterling Rate-13 Mth,1 USD,NONE,percent,USD,,,19910123,,,,,FN234,
234,57,QI,USGOV,US Dollar/Sterling Rate-14 Mth,1 USD,NONE,percent,USD,,,19910123,,,,,FN234,
234,58,QI,USGOV,US Dollar/Sterling Rate-15 Mth,1 USD,NONE,percent,USD,,,19910123,,,,,FN234,
171,37,A$,CASH,U.K. Sterling per Australian $,,1 AUD,GBP,GBP,,,19860919,,,,,,,
171,39,A$,CASH,Japanese Yen per Australian$,,1 AUD,JPY,JPY,,,19860919,,,,,,,
171,40,A$,CASH,Swiss Francs per Australian$,,1 AUD,CHF,CHF,,,19860919,,,,,,,
171,41,A$,CASH,U.S. Dollars per Australian$,,1 AUD,USD,USD,,,19860919,,,,,,,
171,42,A$,CASH,Canadian Dollars per Australian$,,1 AUD,CAD,CAD,,,19990607,,,,,,,
171,44,A$,CASH,Hong Kong Dollars per Australian$,,1 AUD,HKD,HKD,,,19990607,,,,,,,
171,51,A$,CASH,New Zealand Dollars per Australian $,,1 AUD,NZD,NZD,,,19990607,,,,,,,
171,52,A$,CASH,Singapore Dollars per Australian$,,1 AUD,SGD,SGD,,,19990607,,,,,,,
217,37,Q,CASH,Cotton-Southeast,,,0.01 USD / lb,USD,,,19840719,,,,,,,
217,38,Q,CASH,Cotton-North Delta,,,0.01 USD / lb,USD,,,19840719,,,,,,,
217,39,Q,CASH,Cotton-East Texas/Oklahoma,,,0.01 USD / lb,USD,,,19840719,,,,,,,
217,40,Q,CASH,Cotton-West Texas,,,0.01 USD / lb,USD,,,19840719,,,,,,,
217,41,Q,CASH,Cotton-South Delta,,,0.01 USD / lb,USD,,,19840719,,,,,,,
217,43,Q,CASH,Cotton-Desert Southwest,,,0.01 USD / lb,USD,,,19840719,,,,,,,
217,44,Q,CASH,Cotton-San Jose Valley,,,0.01 USD / lb,USD,,,19840719,,,,,,,
217,45,Q,CASH,Cotton-7 Market Average,,,0.01 USD / lb,USD,,,19840719,,,,,,,
218,37,QA,CASH,Cocoa-Main Crop Ivory Coast,,,USD / tonne,USD,,,19840719,,,,,,,
218,39,QA,CASH,Cocoa-FAQ Cocoa Beans Sanchez,,,USD / tonne,USD,,,19840719,,,,,,,
218,40,QA,CASH,Cocoa-Superior Seasons Arriba,,,USD / tonne,USD,,,19840719,,,,,,,
218,41,QA,CASH,Cocoa Liquor-Ecuador,,,USD / tonne,USD,,,19840719,,,,,,,
218,43,QA,CASH,Cocoa-Pressed Cocoa Butter-Africa,,,USD / tonne,USD,,,19840719,,,,,,,
218,45,QA,CASH,Cocoa-Natural Cocoa Press Cake-NY,,,USD / tonne,USD,,,19840719,,,,,,,
218,46,QA,CASH,Cocoa-Maylasia 110-NY,,,USD / tonne,USD,,,19881004,,,,,,,
219,46,QB,CASH,North Sea Forties Oil,,,USD / bbl,USD,,,19840820,,,,,FN219,
219,47,QB,CASH,North Sea Brent Oil,,,USD / bbl,USD,,,19840820,,,,,FN219,
219,48,QB,CASH,Nigerian Bonny Light Oil,,,USD / bbl,USD,,,19840820,,,,,FN219,
219,49,QB,CASH,Russian Urals Oil),,,USD / bbl,USD,,,19840820,,,,,FN219,
219,53,QB,CASH,W. Texas Intermed Sweet Oil,,,USD / bbl,USD,,,19840412,,,,,FN219,
219,54,QB,CASH,W. Tex Sour Midland Oil,,,USD / bbl,USD,,,19840720,,,,,FN219,
219,55,QB,CASH,Louis. Sweet St. James Oil,,,USD / bbl,USD,,,19840412,,,,,FN219,
219,56,QB,CASH,N. Slope Alaskan/Gulf Oil,,,USD / bbl,USD,,,19840820,,,,,FN219,
219,57,QB,CASH,Ref.-NY #2 Fuel Oil,,,0.01 USD / gal,USD,,,19840412,,,,,FN219,
219,58,QB,CASH,Ref.-NY Reg Leaded Gas,,,0.01 USD / gal,USD,,,19840412,,,,,FN219,
219,59,QB,CASH,Ref.-NY Reg Unldd Gas,,,0.01 USD / gal,USD,,,19840412,,,,,FN219,
219,60,QB,CASH,Ref.-Mt. Belvieu Texas Propane,,,0.01 USD / gal,USD,,,19840820,,,,,FN219,
390,37,US$,CASH,Australian Dollars per U.S. Dollar,,1 USD,AUD,AUD,,,19710104,,,,,,,
390,39,US$,CASH,Canadian Dollars per U.S. Dollar,,1 USD,CAD,CAD,,,19710104,,,,,,,
690,59,U2$,CASH,Danish Krones per U.S. Dollar,,1 USD,DKK,DKK,,,19710104,,,,,,,
390,44,US$,CASH,Hong Kong Dollars per U.S. Dollar,,1 USD,HKD,HKD,,,19810102,,,,,,,
390,46,US$,CASH,Japanese Yen per U.S. Dollar,,1 USD,JPY,JPY,,,19710104,,,,,,,
390,47,US$,CASH,Malaysian Ringits per U.S. Dollar,,1 USD,MYR,MYR,,,19710104,,,,,,,
390,49,US$,CASH,Norwegian Kroners per U.S. Dollar,,1 USD,NOK,NOK,,,19710104,,,,,,,
390,51,US$,CASH,New Zealand Dollars per U.S. Dollar,,1 USD,NZD,NZD,,,19710104,,,,,,,
390,52,US$,CASH,Singapore Dollars per U.S. Dollar,,1 USD,SGD,SGD,,,19810102,,,,,,,
390,53,US$,CASH,Swiss Francs per U.S. Dollar,,1 USD,CHF,CHF,,,19710104,,,,,,,
390,55,US$,CASH,U.S. Dollars per U.K. Sterling,,1 GBP,USD,USD,,,19710104,,,,,,,
390,56,US$,CASH,Mexican Pesos per U.S. Dollar,,1 USD,MXN,MXN,,,19931108,,,,,,,
390,57,US$,CASH,South African Rands per U.S. Dollar,,1 USD,ZAR,ZAR,,,19710104,,,,,,,
390,58,US$,CASH,Swedish Kronas per U.S. Dollar,,1 USD,SEK,SEK,,,19710104,,,,,,,
390,60,US$,CASH,Korean Won per U.S. Dollar,,1 USD,KRW,KRW,,,19810413,,,,,,,
591,49,EU2,CASH,Norwegian Kroners per Euro,,1 EUR,NOK,NOK,,,19990216,,,,,,,
590,37,GB2,CASH,Australian Dollars per U.K. Sterling,,1 GBP,AUD,AUD,,,19990607,,,,,,,
590,39,GB2,CASH,Canadian Dollars per U.K. Sterling,,1 GBP,CAD,CAD,,,19980605,,,,,,,
590,41,GB2,CASH,Danish Krones per U.K. Sterling,,1 GBP,DKK,DKK,,,19980605,,,,,,,
590,44,GB2,CASH,Hong Kong Dollars per U.K. Sterling,,1 GBP,HKD,HKD,,,19980605,,,,,,,
590,46,GB2,CASH,Japanese Yen per U.K. Sterling,,1 GBP,JPY,JPY,,,19980605,,,,,,,
590,47,GB2,CASH,Malaysian Ringits per U.K. Sterling,,1 GBP,MYR,MYR,,,19980605,,,,,,,
590,49,GB2,CASH,Norwegian Kroners per U.K. Sterling,,1 GBP,NOK,NOK,,,19980605,,,,,,,
590,51,GB2,CASH,New Zealand Dollars per U.K. Sterling,,1 GBP,NZD,NZD,,,19980605,,,,,,,
590,52,GB2,CASH,Singapore Dollars per U.K. Sterling,,1 GBP,SGD,SGD,,,19990607,,,,,,,
590,53,GB2,CASH,Swiss Francs per U.K. Sterling,,1 GBP,CHF,CHF,,,19980605,,,,,,,
590,56,GB2,CASH,Mexican Pesos per U.K. Sterling,,1 GBP,MXN,MXN,,,19990607,,,,,,,
590,57,GB2,CASH,South African Rand per U.K. Sterling,,1 GBP,ZAR,ZAR,,,19990607,,,,,,,
590,58,GB2,CASH,Swedish Kronas per U.K. Sterling,,1 GBP,SEK,SEK,,,19980605,,,,,,,
591,37,EU2,CASH,Australian per Euro,,1 EUR,AUD,AUD,,,19990104,,,,,,,
591,39,EU2,CASH,Canadian Dollars per Euro,,1 EUR,CAD,CAD,,,19990104,,,,,,,
591,41,EU2,CASH,Danish Krones per Euro,,1 EUR,DKK,DKK,,,19990104,,,,,,,
591,46,EU2,CASH,Japanese Yen per Euro,,1 EUR,JPY,JPY,,,19990104,,,,,,,
591,53,EU2,CASH,Swiss Francs per Euro,,1 EUR,CHF,CHF,,,19990104,,,,,,,
591,55,EU2,CASH,U.K. Sterling  per Euro,,1 EUR,GBP,GBP,,,19990104,,,,,,,
591,58,EU2,CASH,Swedish Kronas per Euro,,1 EUR,SEK,SEK,,,19990104,,,,,,,
591,60,EU2,CASH,U.S. Dollars per Euro,,1 EUR,USD,USD,,,19990104,,,,,,,
591,44,EU2,CASH,Hong Kong Dollars per Euro,,1 EUR,HKD,HKD,,,19990607,,,,,,,
591,47,EU2,CASH,Malaysian Ringgits per Euro,,1 EUR,MYR,MYR,,,19990607,,,,,,,
591,51,EU2,CASH,New Zealand Dollars per Euro,,1 EUR,NZD,NZD,,,19990607,,,,,,,
591,52,EU2,CASH,Singapore Dollars per Euro,,1 EUR,SGD,SGD,,,19990607,,,,,,,
591,56,EU2,CASH,Mexican Pesos per Euro,,1 EUR,MXN,MXN,,,19990607,,,,,,,
591,57,EU2,CASH,South African Rand per Euro,,1 EUR,ZAR,ZAR,,,19990607,,,,,,,
689,48,MNA,LME,Alum.Alloy-No.Amer.Spec.   Cash OHLC,2 USD,20 tonnes,USD / tonne,USD,,,20020530,,,,,,,
689,39,MNA,LME,Alum.Alloy-No.Amer.Spec.  3 Mth OHLC,2 USD,20 tonnes,USD / tonne,USD,,,20020307,,,,,,,
689,41,MNA,LME,Alum.Alloy-No.Amer.Spec. 15 Mth OHLC,2 USD,20 tonnes,USD / tonne,USD,,,20020308,,,,,,,
689,44,MNA,LME,Alum.Alloy-No.Amer.Spec. 27 Mth Close,2 USD,20 tonnes,USD / tonne,USD,,,20020307,,,,,,,
689,46,MNA,LME,Alum.Alloy-No.Amer.Spec.   Cash Close,2 USD,20 tonnes,USD / tonne,USD,,,20020307,,,,,,,
689,58,MNA,LME,Alum.Alloy-No.Amer.Spec.   Cash AM/PM Fix,2 USD,20 tonnes,USD / tonne,USD,,,20020530,,,,,,,
689,59,MNA,LME,Alum.Alloy-No.Amer.Spec.  3 Mth AM/PM Fix,2 USD,20 tonnes,USD / tonne,USD,,,20020307,,,,,,,
689,60,MNA,LME,Alum.Alloy-No.Amer.Spec. 15 Mth AM/PM Fix,2 USD,20 tonnes,USD / tonne,USD,,,20020307,,,,,,,
689,53,MNA,LME,Alum.Alloy-No.Amer.Spec. 27 Mth AM/PM Fix,2 USD,20 tonnes,USD / tonne,USD,,,20020307,,,,,,,
774,39,UYR,USGOV,Treasury Yield Curve Rate-1 Mth,,,points,USD,,,20041116,,,,,,,
774,40,UYR,USGOV,Treasury Yield Curve Rate-3 Mth,,,points,USD,,,20041116,,,,,,,
774,41,UYR,USGOV,Treasury Yield Curve Rates-6 Mth,,,points,USD,,,20041116,,,,,,,
774,42,UYR,USGOV,Treasury Yield Curve Rate-1 Yr,,,points,USD,,,20041116,,,,,,,
774,43,UYR,USGOV,Treasury Yield Curve Rate-2 Yr,,,points,USD,,,20041116,,,,,,,
774,44,UYR,USGOV,Treasury Yield Curve Rate-3 Yr,,,points,USD,,,20041116,,,,,,,
774,45,UYR,USGOV,Treasury Yield Curve Rate-5 Yr,,,points,USD,,,20041116,,,,,,,
774,46,UYR,USGOV,Treasury Yield Curve Rate-7 Yr,,,points,USD,,,20041116,,,,,,,
774,47,UYR,USGOV,Treasury Yield Curve Rate-10 Yr,,,points,USD,,,20041116,,,,,,,
774,48,UYR,USGOV,Treasury Yield Curve Rate-20 Yr,,,points,USD,,,20041116,,,,,,,
774,49,UYR,USGOV,Required Net Yield Rate(90 Days)-5 Yr Balloon,,,points,USD,,,20041116,,,,,,,
774,50,UYR,USGOV,Required Net Yield Rate(90 Days)-7 Yr Balloon,,,points,USD,,,20041116,,,,,,,
774,51,UYR,USGOV,Required Net Yield Rate(90 Days)-15 Yr balloon,,,points,USD,,,20041116,,,,,,,
774,52,UYR,USGOV,Required Net Yield Rate(90 Days)-20 Yr balloon,,,points,USD,,,20041116,,,,,,,
774,53,UYR,USGOV,Required Net Yield Rate(90 Days)-30 Yr balloon,,,points,USD,,,20041116,,,,,,,
690,37,U2$,CASH,U.A.E. Dirhams per U.S. Dollar,,1 USD,AED,AED,,,20020124,,,,,,,
690,38,U2$,CASH,Bahraini Dollars per U.S. Dollar,,1 USD,BHD,BHD,,,20020124,,,,,,,
690,39,U2$,CASH,Brazilian Real per U.S. Dollar,,1 USD,BRL,BRL,,,20020124,,,,,,,
690,40,U2$,CASH,Chinese Yuan per U.S. Dollar,,1 USD,CNY,CNY,,,19810102,,,,,,,
690,41,U2$,CASH,Czech Korunas per U.S. Dollar,,1 USD,CZK,CZK,,,20020124,,,,,,,
690,42,U2$,CASH,Euros per U.S. Dollar,,1 USD,EUR,EUR,,,20020124,,,,,,,
690,43,U2$,CASH,Hungarian Forints per U.S. Dollar,,1 USD,HUF,HUF,,,20020124,,,,,,,
690,44,U2$,CASH,Indonesian Rupiahs per U.S. Dollar,,1 USD,IDR,IDR,,,20020124,,,,,,,
690,45,U2$,CASH,Indian Rupees per U.S. Dollar,,1 USD,INR,INR,,,19730102,,,,,,,
690,46,U2$,CASH,Kuwaiti Dinars per U.S. Dollar,,1 USD,KWD,KWD,,,20020124,,,,,,,
690,48,U2$,CASH,Polish Zlotys per U.S. Dollar,,1 USD,PLN,PLN,,,20020124,,,,,,,
690,49,U2$,CASH,Russian Rubles per U.S. Dollar,,1 USD,RUB,RUB,,,20020124,,,,,,,
690,50,U2$,CASH,Saudi Riyal per U.S. Dollar,,1 USD,SAR,SAR,,,20020204,,,,,,,
690,51,U2$,CASH,Slovakian Korunas per U.S. Dollar,,1 USD,SKK,SKK,,,20020124,,,,,,,
690,52,U2$,CASH,Thai Baht per U.S. Dollar,,1 USD,THB,THB,,,19810102,,,,,,,
690,53,U2$,CASH,Taiwan Dollars per U.S. Dollar,,1 USD,TWD,TWD,,,19831003,,,,,,,
690,54,U2$,CASH,Venezuelan Bolivars per U.S. Dollar,,1 USD,VEB,VEB,,,20020124,,,,,,,
690,55,U2$,CASH,Isreali Shekels per U.S. Dollar,,1 USD,ILS,ILS,,,20020124,,,,,,,
690,57,U2$,CASH,Pakistan Rupees per U.S. Dollar,,1 USD,PKR,PKR,,,20020124,,,,,,,
690,60,U2$,CASH,Latvian Lats per U.S. Dollar,,1 USD,LAT,LAT,,,20040420,,,,,,,
691,37,EU$,CASH,U.A.E Dirham per Euro,,1 EUR,AED,AED,,,20020124,,,,,,,
691,38,EU$,CASH,Bahraini Dollar per Euro,,1 EUR,BHD,BHD,,,20020124,,,,,,,
691,40,EU$,CASH,Chinese Yuan per Euro,,1 EUR,CNY,CNY,,,20020124,,,,,,,
691,41,EU$,CASH,Czech Korunas per Euro,,1 EUR,CZK,CZK,,,20020124,,,,,,,
691,43,EU$,CASH,Hungarian Forints per Euro,,1 EUR,HUF,HUF,,,20020124,,,,,,,
691,44,EU$,CASH,Indonesian Rupiahs per Euro,,1 EUR,IDR,IDR,,,20020124,,,,,,,
691,45,EU$,CASH,Indian Rupees per Euro,,1 EUR,INR,INR,,,20020124,,,,,,,
691,46,EU$,CASH,Kuwaiti Dinars per Euro,,1 EUR,KWD,KWD,,,20020124,,,,,,,
691,48,EU$,CASH,Polish Zlotys per Euro,,1 EUR,PLN,PLN,,,20020124,,,,,,,
691,49,EU$,CASH,Russian Rubles per Euro,,1 EUR,RUB,RUB,,,20020124,,,,,,,
691,50,EU$,CASH,Saudi Riyals per Euro,,1 EUR,SAR,SAR,,,20020204,,,,,,,
691,51,EU$,CASH,Slovakian Korunas per Euro,,1 EUR,SKK,SKK,,,20020124,,,,,,,
691,52,EU$,CASH,Thai Baht per Euro,,1 EUR,THB,THB,,,20020124,,,,,,,
691,53,EU$,CASH,Taiwan Dollar per Euro,,1 EUR,TWD,TWD,,,20020124,,,,,,,
691,54,EU$,CASH,Venezuelan Bolivar per Euro,,1 EUR,VEB,VEB,,,20020124,,,,,,,
691,60,EU$,CASH,Latvian Lats per Euro,,1 EUR,LAT,LAT,,,20040420,,,,,,,
775,39,JPY,CASH,Canadian Dollars to 1 Japanese Yen,,1 JPY,CAD,CAD,,,20040420,,,,,,,
775,40,JPY,CASH,Chinese Yuan Renminbis per Japanese Yen,,1 JPY,CNY,CNY,,,20040420,,,,,,,
775,41,JPY,CASH,Danish Krones per Japanese Yen,,1 JPY,DKK,DKK,,,20040420,,,,,,,
775,43,JPY,CASH,Hungarian Forints per Japanese Yen,,1 JPY,HUF,HUF,,,20040420,,,,,,,
775,44,JPY,CASH,Hong Kong Dollars per Japanese Yen,,1 JPY,HKD,HKD,,,20040420,,,,,,,
775,47,JPY,CASH,Malaysian Ringgits per Japanese Yen,,1 JPY,MYR,MXN,,,20040420,,,,,,,
775,48,JPY,CASH,Polish Zlotys per Japanese Yen,,1 JPY,PLN,PLN,,,20040420,,,,,,,
775,49,JPY,CASH,Norwegian Kroners per Japanese Yen,,1 JPY,NOK,NOK,,,20040420,,,,,,,
775,51,JPY,CASH,New Zealand Dollars per Japanese Yen,,1 JPY,NZD,NZD,,,20040420,,,,,,,
775,52,JPY,CASH,Singapore Dollars to 1 Japanese Yen,,1 JPY,SGD,SGD,,,20040420,,,,,,,
775,53,JPY,CASH,Swiss Francs per Japanese Yen,,1 JPY,CHF,CHF,,,20040420,,,,,,,
775,57,JPY,CASH,South African Rand per Japanese Yen,,1 JPY,ZAR,ZAR,,,20040420,,,,,,,
775,58,JPY,CASH,Swedish Kronas per Japanese Yen,,1 JPY,SEK,SEK,,,20040420,,,,,,,
776,39,CHF,CASH,Canadian Dollars per Swiss Franc,,1 CHF,CAD,CAD,,,20040420,,,,,,,
776,40,CHF,CASH,Chinese Yuan Renminbis per Swiss Franc,,1 CHF,CNY,CNY,,,20040420,,,,,,,
776,41,CHF,CASH,Danish Krones per Swiss Franc,,1 CHF,DKK,DKK,,,20040420,,,,,,,
776,43,CHF,CASH,Hungarian Forint per Swiss Franc,,1 CHF,HUF,HUF,,,20040420,,,,,,,
776,44,CHF,CASH,Hong Kong Dollars per Swiss Franc,,1 CHF,HKD,HKD,,,20040420,,,,,,,
776,47,CHF,CASH,Malaysian Ringgits per Swiss Franc,,1 CHF,MYR,MYR,,,20040420,,,,,,,
776,48,CHF,CASH,Polish Zlotys per Swiss Franc,,1 CHF,PLN,PLN,,,20040420,,,,,,,
776,49,CHF,CASH,Norwegian Kroners per Swiss Franc,,1 CHF,NOK,NOK,,,20040420,,,,,,,
776,51,CHF,CASH,New Zealand Dollars per Swiss Franc,,1 CHF,NZD,NZD,,,20040420,,,,,,,
776,52,CHF,CASH,Singapore Dollars per Swiss Franc,,1 CHF,SGD,SGD,,,20040420,,,,,,,
776,53,CHF,CASH,Thai Bahts per Swiss Franc,,1 CHF,THB,THB,,,20040420,,,,,,,
776,58,CHF,CASH,Swedish Kronas per Swiss Franc,,1 CHF,SEK,SEK,,,20040420,,,,,,,
985,39,FX1,CASH,Turkish Lira per U.S. Dollar,,1 USD,TRY,TRY,,,20051214,,,,,,,
985,40,FX1,CASH,Chilean Pesos per U.S. Dollar,,1 USD,CLP,CLP,,,20051214,,,,,,,
985,41,FX1,CASH,Philipine Pesos per U.S. Dollar,,1 USD,PHP,PHP,,,20051214,,,,,,,
985,42,FX1,CASH,Columbian Pesos per U.S. Dollar,,1 USD,COP,COP,,,20051214,,,,,,,
985,43,FX1,CASH,Lithuanian Litas per U.S. Dollar,,1 USD,LTL,LTL,,,20051214,,,,,,,
985,44,FX1,CASH,Slovenian Tolars per U.S. Dollar,,1 USD,SIT,SIT,,,20051214,,,,,,,
985,45,FX1,CASH,Estonian Kroons per U.S. Dollar,,1 USD,EEK,EEK,,,20051214,,,,,,,
985,51,FX1,CASH,Cypriot Pounds per Euro,,1 EUR,CYP,CYP,,,20051214,,,,,,,
